Datetime,Water Level (m)
2025-08-31 18:00:00,-0.07179565
2025-08-31 19:00:00,0.0873698
2025-08-31 20:00:00,0.2797306
2025-08-31 21:00:00,0.50342095
2025-08-31 22:00:00,0.71115404
2025-08-31 23:00:00,0.8488997
2025-09-01 00:00:00,0.9194329
2025-09-01 01:00:00,0.8295896
2025-09-01 02:00:00,0.6676729
2025-09-01 03:00:00,0.48045906
2025-09-01 04:00:00,0.3205679
2025-09-01 05:00:00,0.20039433
2025-09-01 06:00:00,0.15812545
2025-09-01 07:00:00,0.26041538
2025-09-01 08:00:00,0.38976693
2025-09-01 09:00:00,0.5267938
2025-09-01 10:00:00,0.6319132
2025-09-01 11:00:00,0.680384
2025-09-01 12:00:00,0.6799402
2025-09-01 13:00:00,0.6032908
2025-09-01 14:00:00,0.4865701
2025-09-01 15:00:00,0.35040057
2025-09-01 16:00:00,0.20642187
2025-09-01 17:00:00,0.08034237
2025-09-01 18:00:00,0.0010884972
2025-09-01 19:00:00,0.028339278
2025-09-01 20:00:00,0.17021818
2025-09-01 21:00:00,0.3468902
2025-09-01 22:00:00,0.544368
2025-09-01 23:00:00,0.72401327
2025-09-02 00:00:00,0.8956603
2025-09-02 01:00:00,1.0171251
2025-09-02 02:00:00,1.0580349
2025-09-02 03:00:00,0.9853343
2025-09-02 04:00:00,0.85512924
2025-09-02 05:00:00,0.69297653
2025-09-02 06:00:00,0.529441
2025-09-02 07:00:00,0.40719727
2025-09-02 08:00:00,0.34131464
2025-09-02 09:00:00,0.384068
2025-09-02 10:00:00,0.5057111
2025-09-02 11:00:00,0.6395959
2025-09-02 12:00:00,0.7538864
2025-09-02 13:00:00,0.8375419
2025-09-02 14:00:00,0.8456038
2025-09-02 15:00:00,0.7840777
2025-09-02 16:00:00,0.6871664
2025-09-02 17:00:00,0.5664953
2025-09-02 18:00:00,0.43797076
2025-09-02 19:00:00,0.31663427
2025-09-02 20:00:00,0.2270637
2025-09-02 21:00:00,0.21465157
2025-09-02 22:00:00,0.3285467
2025-09-02 23:00:00,0.51716095
2025-09-03 00:00:00,0.74162894
2025-09-03 01:00:00,0.9672097
2025-09-03 02:00:00,1.1582016
2025-09-03 03:00:00,1.2478677
2025-09-03 04:00:00,1.2439697
2025-09-03 05:00:00,1.1228435
2025-09-03 06:00:00,0.9600943
2025-09-03 07:00:00,0.7576813
2025-09-03 08:00:00,0.54388523
2025-09-03 09:00:00,0.36383533
2025-09-03 10:00:00,0.2350939
2025-09-03 11:00:00,0.22903374
2025-09-03 12:00:00,0.40525392
2025-09-03 13:00:00,0.61653847
2025-09-03 14:00:00,0.8154269
2025-09-03 15:00:00,0.97564507
2025-09-03 16:00:00,1.0279484
2025-09-03 17:00:00,0.91891545
2025-09-03 18:00:00,0.73505527
2025-09-03 19:00:00,0.5096915
2025-09-03 20:00:00,0.29688397
2025-09-03 21:00:00,0.10391362
2025-09-03 22:00:00,-0.011747179
2025-09-03 23:00:00,0.07404158
2025-09-04 00:00:00,0.31598207
2025-09-04 01:00:00,0.61442363
2025-09-04 02:00:00,0.90751684
2025-09-04 03:00:00,1.1956313
2025-09-04 04:00:00,1.314965
2025-09-04 05:00:00,1.2782288
2025-09-04 06:00:00,1.0772629
2025-09-04 07:00:00,0.8650435
2025-09-04 08:00:00,0.591104
2025-09-04 09:00:00,0.34395608
2025-09-04 10:00:00,0.114961915
2025-09-04 11:00:00,-0.041391376
2025-09-04 12:00:00,0.018110836
2025-09-04 13:00:00,0.28204092
2025-09-04 14:00:00,0.57950646
2025-09-04 15:00:00,0.84679747
2025-09-04 16:00:00,1.0492353
2025-09-04 17:00:00,1.079258
2025-09-04 18:00:00,0.9124921
2025-09-04 19:00:00,0.6704542
2025-09-04 20:00:00,0.40848315
2025-09-04 21:00:00,0.14657898
2025-09-04 22:00:00,-0.073673435
2025-09-04 23:00:00,-0.23153876
2025-09-05 00:00:00,-0.1204128
2025-09-05 01:00:00,0.17241856
2025-09-05 02:00:00,0.530149
2025-09-05 03:00:00,0.8900524
2025-09-05 04:00:00,1.2565401
2025-09-05 05:00:00,1.3830961
2025-09-05 06:00:00,1.2884544
2025-09-05 07:00:00,1.0464678
2025-09-05 08:00:00,0.77083415
2025-09-05 09:00:00,0.4659659
2025-09-05 10:00:00,0.18031774
2025-09-05 11:00:00,-0.06451273
2025-09-05 12:00:00,-0.2168436
2025-09-05 13:00:00,-0.028859124
2025-09-05 14:00:00,0.27209246
2025-09-05 15:00:00,0.6342222
2025-09-05 16:00:00,0.95169103
2025-09-05 17:00:00,1.2164785
2025-09-05 18:00:00,1.1630602
2025-09-05 19:00:00,0.9329391
2025-09-05 20:00:00,0.66260296
2025-09-05 21:00:00,0.36300105
2025-09-05 22:00:00,0.064742066
2025-09-05 23:00:00,-0.19361365
2025-09-06 00:00:00,-0.36233854
2025-09-06 01:00:00,-0.16193981
2025-09-06 02:00:00,0.16907601
2025-09-06 03:00:00,0.5892181
2025-09-06 04:00:00,1.0862261
2025-09-06 05:00:00,1.3808585
2025-09-06 06:00:00,1.484978
2025-09-06 07:00:00,1.2849724
2025-09-06 08:00:00,1.0055137
2025-09-06 09:00:00,0.69395894
2025-09-06 10:00:00,0.3616227
2025-09-06 11:00:00,0.055036232
2025-09-06 12:00:00,-0.20499995
2025-09-06 13:00:00,-0.316
2025-09-06 14:00:00,0.0050812126
2025-09-06 15:00:00,0.3552802
2025-09-06 16:00:00,0.771224
2025-09-06 17:00:00,1.2087195
2025-09-06 18:00:00,1.3772217
